{"cameraMode":{"drawMode":0,"name":"Shaded","section":"Shading Mode"},"sceneLighting":true,"audioPlay":false,"sceneViewState":{"m_AlwaysRefresh":false,"showFog":true,"showSkybox":true,"showFlares":true,"showImageEffects":true,"showParticleSystems":true,"showVisualEffectGraphs":true,"m_FxEnabled":true},"in2DMode":false,"pivot":{"x":-13.160737037658692,"y":-9.442779541015625,"z":9.424803733825684},"rotation":{"x":0.6452752351760864,"y":-0.004583543632179499,"z":0.0038719058502465488,"w":0.7639272212982178},"size":35.19563674926758,"orthographic":false}