{"cameraMode":{"drawMode":0,"name":"Shaded","section":"Shading Mode"},"sceneLighting":true,"audioPlay":false,"sceneViewState":{"m_AlwaysRefresh":false,"showFog":true,"showSkybox":true,"showFlares":true,"showImageEffects":true,"showParticleSystems":true,"showVisualEffectGraphs":true,"m_FxEnabled":true},"in2DMode":false,"pivot":{"x":3.7030487060546877,"y":7.050544738769531,"z":-9.549280166625977},"rotation":{"x":0.7561019659042358,"y":0.006871665362268686,"z":-0.007939137518405915,"w":0.6543711423873901},"size":5.42167854309082,"orthographic":false}