{"cameraMode":{"drawMode":0,"name":"Shaded","section":"Shading Mode"},"sceneLighting":true,"audioPlay":false,"sceneViewState":{"m_AlwaysRefresh":false,"showFog":true,"showSkybox":true,"showFlares":true,"showImageEffects":true,"showParticleSystems":true,"showVisualEffectGraphs":true,"m_FxEnabled":true},"in2DMode":false,"pivot":{"x":0.13158416748046876,"y":-1.2617225646972657,"z":-1.5848636627197266},"rotation":{"x":0.5672417283058167,"y":-0.03826167806982994,"z":0.026395810768008233,"w":0.8222389221191406},"size":41.75690460205078,"orthographic":true}